{
    "b": {
        "low": 0.201425689862832,
        "high": 0.67160099325109
    },
    "c": {
        "low": -54.3817056624714,
        "high": 2.24604817474376
    },
     "d": {
        "low": 226.214892066078,
        "high": 738.112935166842
    },
    "e": {
        "low": 12.7584223154993,
        "high": 3.26410875351594
    },
    "minY": 50,
    "maxY": 175
}