"","low","high"
"b",0.201425689862832,0.67160099325109
"c",-54.3817056624714,2.24604817474376
"d",226.214892066078,738.112935166842
"e",12.7584223154993,3.26410875351594
