"","low","high"
"b",-0.694118805220058,0.438483491772355
"c",62.1579404827569,291.293982442487
"d",333.919579385655,465.531774320664
"e",2.95718871003758,4.49962992132698
