"","low","high"
"b",-0.931227328236421,-0.850415384226551
"c",139.306047949838,436.895903091284
"d",19162.375584044,12915.6022684778
"e",327.846953673696,161.518693290759
