{
    "b": {
        "low": -0.694118805220058,
        "high": 0.438483491772355
    },
    "c": {
        "low": 62.1579404827569,
        "high": 291.293982442487
    },
     "d": {
        "low": 333.919579385655,
        "high": 465.531774320664
    },
    "e": {
        "low": 2.95718871003758,
        "high": 4.49962992132698
    },
    "minY": 240,
    "maxY": 320
}