{
    "b": {
        "low": -0.931227328236421,
        "high": -0.850415384226551
    },
    "c": {
        "low": 139.306047949838,
        "high": 436.895903091284
    },
     "d": {
        "low": 19162.375584044,
        "high": 12915.6022684778
    },
    "e": {
        "low": 327.846953673696,
        "high": 161.518693290759
    },
    "minY": 800,
    "maxY": 5000
}